Workbook

Sheet Student Data
A1: STUDENT PERFORMANCE DATA
A2: Structured academic dataset | 50 students | Prepared for performance analysis
A5: Student ID | B5: Student Name | C5: Department / Class | D5: Attendance % | E5: Math | F5: Physics | G5: Chemistry | H5: Total | I5: Average | J5: Result | K5: Improvement
A6: ST001 | B6: Aarav Sharma | C6: BCA - Data Science | D6: 69 | E6: 81 | F6: 70 | G6: 76 | H6: =SUM(E6:G6) -> 227 | I6: =AVERAGE(E6:G6) -> 75.666667 | J6: =IF(MIN(E6:G6)>=40,"Pass","Fail") -> Pass | K6: =IF(OR(I6<60,D6<75,MIN(E6:G6)<40),"Yes","No") -> Yes
A7: ST002 | B7: Aditi Das | C7: BCA - Cybersecurity | D7: 96 | E7: 93 | F7: 81 | G7: 79 | H7: =SUM(E7:G7) -> 253 | I7: =AVERAGE(E7:G7) -> 84.333333 | J7: =IF(MIN(E7:G7)>=40,"Pass","Fail") -> Pass | K7: =IF(OR(I7<60,D7<75,MIN(E7:G7)<40),"Yes","No") -> No
A8: ST003 | B8: Aditya Singh | C8: BCA - General | D8: 63 | E8: 78 | F8: 74 | G8: 59 | H8: =SUM(E8:G8) -> 211 | I8: =AVERAGE(E8:G8) -> 70.333333 | J8: =IF(MIN(E8:G8)>=40,"Pass","Fail") -> Pass | K8: =IF(OR(I8<60,D8<75,MIN(E8:G8)<40),"Yes","No") -> Yes
A9: ST004 | B9: Ananya Roy | C9: BBA | D9: 96 | E9: 59 | F9: 54 | G9: 79 | H9: =SUM(E9:G9) -> 192 | I9: =AVERAGE(E9:G9) -> 64 | J9: =IF(MIN(E9:G9)>=40,"Pass","Fail") -> Pass | K9: =IF(OR(I9<60,D9<75,MIN(E9:G9)<40),"Yes","No") -> No
A10: ST005 | B10: Arjun Gupta | C10: B.Sc IT | D10: 79 | E10: 71 | F10: 66 | G10: 79 | H10: =SUM(E10:G10) -> 216 | I10: =AVERAGE(E10:G10) -> 72 | J10: =IF(MIN(E10:G10)>=40,"Pass","Fail") -> Pass | K10: =IF(OR(I10<60,D10<75,MIN(E10:G10)<40),"Yes","No") -> No
A11: ST006 | B11: Diya Bose | C11: BCA - Data Science | D11: 83 | E11: 50 | F11: 66 | G11: 81 | H11: =SUM(E11:G11) -> 197 | I11: =AVERAGE(E11:G11) -> 65.666667 | J11: =IF(MIN(E11:G11)>=40,"Pass","Fail") -> Pass | K11: =IF(OR(I11<60,D11<75,MIN(E11:G11)<40),"Yes","No") -> No
A12: ST007 | B12: Ishaan Dutta | C12: BCA - Cybersecurity | D12: 83 | E12: 81 | F12: 77 | G12: 64 | H12: =SUM(E12:G12) -> 222 | I12: =AVERAGE(E12:G12) -> 74 | J12: =IF(MIN(E12:G12)>=40,"Pass","Fail") -> Pass | K12: =IF(OR(I12<60,D12<75,MIN(E12:G12)<40),"Yes","No") -> No
A13: ST008 | B13: Kavya Saha | C13: BCA - General | D13: 78 | E13: 80 | F13: 77 | G13: 52 | H13: =SUM(E13:G13) -> 209 | I13: =AVERAGE(E13:G13) -> 69.666667 | J13: =IF(MIN(E13:G13)>=40,"Pass","Fail") -> Pass | K13: =IF(OR(I13<60,D13<75,MIN(E13:G13)<40),"Yes","No") -> No
A14: ST009 | B14: Krishna Verma | C14: BBA | D14: 96 | E14: 92 | F14: 92 | G14: 82 | H14: =SUM(E14:G14) -> 266 | I14: =AVERAGE(E14:G14) -> 88.666667 | J14: =IF(MIN(E14:G14)>=40,"Pass","Fail") -> Pass | K14: =IF(OR(I14<60,D14<75,MIN(E14:G14)<40),"Yes","No") -> No
A15: ST010 | B15: Meera Khan | C15: B.Sc IT | D15: 85 | E15: 76 | F15: 47 | G15: 63 | H15: =SUM(E15:G15) -> 186 | I15: =AVERAGE(E15:G15) -> 62 | J15: =IF(MIN(E15:G15)>=40,"Pass","Fail") -> Pass | K15: =IF(OR(I15<60,D15<75,MIN(E15:G15)<40),"Yes","No") -> No
A16: ST011 | B16: Nikhil Sharma | C16: BCA - Data Science | D16: 64 | E16: 57 | F16: 46 | G16: 97 | H16: =SUM(E16:G16) -> 200 | I16: =AVERAGE(E16:G16) -> 66.666667 | J16: =IF(MIN(E16:G16)>=40,"Pass","Fail") -> Pass | K16: =IF(OR(I16<60,D16<75,MIN(E16:G16)<40),"Yes","No") -> Yes
A17: ST012 | B17: Pooja Das | C17: BCA - Cybersecurity | D17: 68 | E17: 67 | F17: 56 | G17: 82 | H17: =SUM(E17:G17) -> 205 | I17: =AVERAGE(E17:G17) -> 68.333333 | J17: =IF(MIN(E17:G17)>=40,"Pass","Fail") -> Pass | K17: =IF(OR(I17<60,D17<75,MIN(E17:G17)<40),"Yes","No") -> Yes
... A55: ST050 | B55: Yuvraj Khan | C55: B.Sc IT | D55: 83 | E55: 78 | F55: 70 | G55: 66 | H55: =SUM(E55:G55) -> 214 | I55: =AVERAGE(E55:G55) -> 71.333333 | J55: =IF(MIN(E55:G55)>=40,"Pass","Fail") -> Pass | K55: =IF(OR(I55<60,D55<75,MIN(E55:G55)<40),"Yes","No") -> No

Sheet Analysis
A1: PERFORMANCE ANALYSIS
A3: Total Students | C3: Pass Rate | E3: Overall Average | G3: Avg Attendance
A4: =COUNTA('Student Data'!A6:A55) -> 50 | C4: =COUNTIF('Student Data'!J6:J55,"Pass")/COUNTA('Student Data'!A6:A55) -> 0.96 | E4: =AVERAGE('Student Data'!I6:I55) -> 70.106667 | G4: =AVERAGE('Student Data'!D6:D55)/100 -> 0.8004
A7: SUBJECT PERFORMANCE | G7: TOP 10 STUDENTS
A8: Metric | B8: Math | C8: Physics | D8: Chemistry | G8: Rank | H8: Student | I8: Average
A9: Average | B9: =AVERAGE('Student Data'!E6:E55) -> 72.3 | C9: =AVERAGE('Student Data'!F6:F55) -> 66.8 | D9: =AVERAGE('Student Data'!G6:G55) -> 71.22 | G9: 1 | H9: =INDEX('Student Data'!$B$6:$B$55,MATCH(I9,'Student Data'!$I$6:$I$55,0)) -> Krishna Verma | I9: =LARGE('Student Data'!$I$6:$I$55,G9) -> 88.666667
A10: Highest | B10: =MAX('Student Data'!E6:E55) -> 97 | C10: =MAX('Student Data'!F6:F55) -> 92 | D10: =MAX('Student Data'!G6:G55) -> 98 | G10: 2 | H10: =INDEX('Student Data'!$B$6:$B$55,MATCH(I10,'Student Data'!$I$6:$I$55,0)) -> Ved Das | I10: =LARGE('Student Data'!$I$6:$I$55,G10) -> 84.666667
A11: Lowest | B11: =MIN('Student Data'!E6:E55) -> 47 | C11: =MIN('Student Data'!F6:F55) -> 30 | D11: =MIN('Student Data'!G6:G55) -> 39 | G11: 3 | H11: =INDEX('Student Data'!$B$6:$B$55,MATCH(I11,'Student Data'!$I$6:$I$55,0)) -> Aditi Das | I11: =LARGE('Student Data'!$I$6:$I$55,G11) -> 84.333333
A12: Pass Count | B12: =COUNTIF('Student Data'!E6:E55,">=40") -> 50 | C12: =COUNTIF('Student Data'!F6:F55,">=40") -> 49 | D12: =COUNTIF('Student Data'!G6:G55,">=40") -> 49 | G12: 4 | H12: =INDEX('Student Data'!$B$6:$B$55,MATCH(I12,'Student Data'!$I$6:$I$55,0)) -> Riya Gupta | I12: =LARGE('Student Data'!$I$6:$I$55,G12) -> 83
G13: 5 | H13: =INDEX('Student Data'!$B$6:$B$55,MATCH(I13,'Student Data'!$I$6:$I$55,0)) -> Shreya Verma | I13: =LARGE('Student Data'!$I$6:$I$55,G13) -> 81.666667
G14: 6 | H14: =INDEX('Student Data'!$B$6:$B$55,MATCH(I14,'Student Data'!$I$6:$I$55,0)) -> Ritika Singh | I14: =LARGE('Student Data'!$I$6:$I$55,G14) -> 79.333333
A15: DEPARTMENT SUMMARY | G15: 7 | H15: =INDEX('Student Data'!$B$6:$B$55,MATCH(I15,'Student Data'!$I$6:$I$55,0)) -> Ira Saha | I15: =LARGE('Student Data'!$I$6:$I$55,G15) -> 78.333333
A16: Department | B16: Students | C16: Avg Marks | D16: Avg Attendance | E16: Pass Rate | G16: 8 | H16: =INDEX('Student Data'!$B$6:$B$55,MATCH(I16,'Student Data'!$I$6:$I$55,0)) -> Sanya Saha | I16: =LARGE('Student Data'!$I$6:$I$55,G16) -> 76
A17: BCA - Data Science | B17: =COUNTIF('Student Data'!C6:C55,A17) -> 10 | C17: =AVERAGEIF('Student Data'!C6:C55,A17,'Student Data'!I6:I55) -> 67.566667 | D17: =AVERAGEIF('Student Data'!C6:C55,A17,'Student Data'!D6:D55)/100 -> 0.869 | E17: =COUNTIFS('Student Data'!C6:C55,A17,'Student Data'!J6:J55,"Pass")/B17 -> 0.9 | G17: 9 | H17: =INDEX('Student Data'!$B$6:$B$55,MATCH(I17,'Student Data'!$I$6:$I$55,0)) -> Aarav Sharma | I17: =LARGE('Student Data'!$I$6:$I$55,G17) -> 75.666667
A18: BCA - Cybersecurity | B18: =COUNTIF('Student Data'!C6:C55,A18) -> 10 | C18: =AVERAGEIF('Student Data'!C6:C55,A18,'Student Data'!I6:I55) -> 70.766667 | D18: =AVERAGEIF('Student Data'!C6:C55,A18,'Student Data'!D6:D55)/100 -> 0.789 | E18: =COUNTIFS('Student Data'!C6:C55,A18,'Student Data'!J6:J55,"Pass")/B18 -> 1 | G18: 10 | H18: =INDEX('Student Data'!$B$6:$B$55,MATCH(I18,'Student Data'!$I$6:$I$55,0)) -> Aarav Sharma | I18: =LARGE('Student Data'!$I$6:$I$55,G18) -> 75.666667
A19: BCA - General | B19: =COUNTIF('Student Data'!C6:C55,A19) -> 10 | C19: =AVERAGEIF('Student Data'!C6:C55,A19,'Student Data'!I6:I55) -> 71.366667 | D19: =AVERAGEIF('Student Data'!C6:C55,A19,'Student Data'!D6:D55)/100 -> 0.802 | E19: =COUNTIFS('Student Data'!C6:C55,A19,'Student Data'!J6:J55,"Pass")/B19 -> 1
A20: BBA | B20: =COUNTIF('Student Data'!C6:C55,A20) -> 10 | C20: =AVERAGEIF('Student Data'!C6:C55,A20,'Student Data'!I6:I55) -> 70.166667 | D20: =AVERAGEIF('Student Data'!C6:C55,A20,'Student Data'!D6:D55)/100 -> 0.763 | E20: =COUNTIFS('Student Data'!C6:C55,A20,'Student Data'!J6:J55,"Pass")/B20 -> 0.9
A21: B.Sc IT | B21: =COUNTIF('Student Data'!C6:C55,A21) -> 10 | C21: =AVERAGEIF('Student Data'!C6:C55,A21,'Student Data'!I6:I55) -> 70.666667 | D21: =AVERAGEIF('Student Data'!C6:C55,A21,'Student Data'!D6:D55)/100 -> 0.779 | E21: =COUNTIFS('Student Data'!C6:C55,A21,'Student Data'!J6:J55,"Pass")/B21 -> 1 | G21: STUDENTS NEEDING IMPROVEMENT
G22: Student | H22: Attendance | I22: Average | J22: Reason
G23: =IFERROR(INDEX('Student Data'!$B$6:$B$55,aggregate(15,6,(ROW('Student Data'!$B$6:$B$55)-ROW('Student Data'!$B$6)+1)/('Student Data'!$K$6:$K$55="Yes"),ROWS($G$23:G23))),"") | H23: =IF(G23="","",INDEX('Student Data'!$D$6:$D$55,MATCH(G23,'Student Data'!$B$6:$B$55,0))/100) | I23: =IF(G23="","",INDEX('Student Data'!$I$6:$I$55,MATCH(G23,'Student Data'!$B$6:$B$55,0))) | J23: =IF(G23="","",IF(H23<75%,"Low attendance",IF(I23<60,"Low average","Weak subject")))
G24: =IFERROR(INDEX('Student Data'!$B$6:$B$55,aggregate(15,6,(ROW('Student Data'!$B$6:$B$55)-ROW('Student Data'!$B$6)+1)/('Student Data'!$K$6:$K$55="Yes"),ROWS($G$23:G24))),"") | H24: =IF(G24="","",INDEX('Student Data'!$D$6:$D$55,MATCH(G24,'Student Data'!$B$6:$B$55,0))/100) | I24: =IF(G24="","",INDEX('Student Data'!$I$6:$I$55,MATCH(G24,'Student Data'!$B$6:$B$55,0))) | J24: =IF(G24="","",IF(H24<75%,"Low attendance",IF(I24<60,"Low average","Weak subject")))
A25: Analyst Note Use the dashboard to identify performance gaps, compare departments, and investigate whether attendance is associated with academic outcomes. | G25: =IFERROR(INDEX('Student Data'!$B$6:$B$55,aggregate(15,6,(ROW('Student Data'!$B$6:$B$55)-ROW('Student Data'!$B$6)+1)/('Student Data'!$K$6:$K$55="Yes"),ROWS($G$23:G25))),"") | H25: =IF(G25="","",INDEX('Student Data'!$D$6:$D$55,MATCH(G25,'Student Data'!$B$6:$B$55,0))/100) | I25: =IF(G25="","",INDEX('Student Data'!$I$6:$I$55,MATCH(G25,'Student Data'!$B$6:$B$55,0))) | J25: =IF(G25="","",IF(H25<75%,"Low attendance",IF(I25<60,"Low average","Weak subject")))
G26: =IFERROR(INDEX('Student Data'!$B$6:$B$55,aggregate(15,6,(ROW('Student Data'!$B$6:$B$55)-ROW('Student Data'!$B$6)+1)/('Student Data'!$K$6:$K$55="Yes"),ROWS($G$23:G26))),"") | H26: =IF(G26="","",INDEX('Student Data'!$D$6:$D$55,MATCH(G26,'Student Data'!$B$6:$B$55,0))/100) | I26: =IF(G26="","",INDEX('Student Data'!$I$6:$I$55,MATCH(G26,'Student Data'!$B$6:$B$55,0))) | J26: =IF(G26="","",IF(H26<75%,"Low attendance",IF(I26<60,"Low average","Weak subject")))
G27: =IFERROR(INDEX('Student Data'!$B$6:$B$55,aggregate(15,6,(ROW('Student Data'!$B$6:$B$55)-ROW('Student Data'!$B$6)+1)/('Student Data'!$K$6:$K$55="Yes"),ROWS($G$23:G27))),"") | H27: =IF(G27="","",INDEX('Student Data'!$D$6:$D$55,MATCH(G27,'Student Data'!$B$6:$B$55,0))/100) | I27: =IF(G27="","",INDEX('Student Data'!$I$6:$I$55,MATCH(G27,'Student Data'!$B$6:$B$55,0))) | J27: =IF(G27="","",IF(H27<75%,"Low attendance",IF(I27<60,"Low average","Weak subject")))
G28: =IFERROR(INDEX('Student Data'!$B$6:$B$55,aggregate(15,6,(ROW('Student Data'!$B$6:$B$55)-ROW('Student Data'!$B$6)+1)/('Student Data'!$K$6:$K$55="Yes"),ROWS($G$23:G28))),"") | H28: =IF(G28="","",INDEX('Student Data'!$D$6:$D$55,MATCH(G28,'Student Data'!$B$6:$B$55,0))/100) | I28: =IF(G28="","",INDEX('Student Data'!$I$6:$I$55,MATCH(G28,'Student Data'!$B$6:$B$55,0))) | J28: =IF(G28="","",IF(H28<75%,"Low attendance",IF(I28<60,"Low average","Weak subject")))
G29: =IFERROR(INDEX('Student Data'!$B$6:$B$55,aggregate(15,6,(ROW('Student Data'!$B$6:$B$55)-ROW('Student Data'!$B$6)+1)/('Student Data'!$K$6:$K$55="Yes"),ROWS($G$23:G29))),"") | H29: =IF(G29="","",INDEX('Student Data'!$D$6:$D$55,MATCH(G29,'Student Data'!$B$6:$B$55,0))/100) | I29: =IF(G29="","",INDEX('Student Data'!$I$6:$I$55,MATCH(G29,'Student Data'!$B$6:$B$55,0))) | J29: =IF(G29="","",IF(H29<75%,"Low attendance",IF(I29<60,"Low average","Weak subject")))
G30: =IFERROR(INDEX('Student Data'!$B$6:$B$55,aggregate(15,6,(ROW('Student Data'!$B$6:$B$55)-ROW('Student Data'!$B$6)+1)/('Student Data'!$K$6:$K$55="Yes"),ROWS($G$23:G30))),"") | H30: =IF(G30="","",INDEX('Student Data'!$D$6:$D$55,MATCH(G30,'Student Data'!$B$6:$B$55,0))/100) | I30: =IF(G30="","",INDEX('Student Data'!$I$6:$I$55,MATCH(G30,'Student Data'!$B$6:$B$55,0))) | J30: =IF(G30="","",IF(H30<75%,"Low attendance",IF(I30<60,"Low average","Weak subject")))
G31: =IFERROR(INDEX('Student Data'!$B$6:$B$55,aggregate(15,6,(ROW('Student Data'!$B$6:$B$55)-ROW('Student Data'!$B$6)+1)/('Student Data'!$K$6:$K$55="Yes"),ROWS($G$23:G31))),"") | H31: =IF(G31="","",INDEX('Student Data'!$D$6:$D$55,MATCH(G31,'Student Data'!$B$6:$B$55,0))/100) | I31: =IF(G31="","",INDEX('Student Data'!$I$6:$I$55,MATCH(G31,'Student Data'!$B$6:$B$55,0))) | J31: =IF(G31="","",IF(H31<75%,"Low attendance",IF(I31<60,"Low average","Weak subject")))
G32: =IFERROR(INDEX('Student Data'!$B$6:$B$55,aggregate(15,6,(ROW('Student Data'!$B$6:$B$55)-ROW('Student Data'!$B$6)+1)/('Student Data'!$K$6:$K$55="Yes"),ROWS($G$23:G32))),"") | H32: =IF(G32="","",INDEX('Student Data'!$D$6:$D$55,MATCH(G32,'Student Data'!$B$6:$B$55,0))/100) | I32: =IF(G32="","",INDEX('Student Data'!$I$6:$I$55,MATCH(G32,'Student Data'!$B$6:$B$55,0))) | J32: =IF(G32="","",IF(H32<75%,"Low attendance",IF(I32<60,"Low average","Weak subject")))
A34: PASS VS FAIL SUMMARY
A35: Status | B35: Count
A36: Pass | B36: =COUNTIF('Student Data'!J6:J55,"Pass") -> 48
A37: Fail | B37: =COUNTIF('Student Data'!J6:J55,"Fail") -> 2

Sheet Dashboard
A1: STUDENT PERFORMANCE DASHBOARD
A2: Academic performance overview | Excel analytics portfolio project
A4: Total Students | D4: Pass Rate | G4: Overall Average | J4: Avg Attendance
A5: =Analysis!A4 -> 50 | D5: =Analysis!C4 -> 0.96 | G5: =Analysis!E4 -> 70.106667 | J5: =Analysis!G4 -> 0.8004
G40: TOP 10 STUDENTS
G41: Rank | H41: Student | I41: Average
G42: =Analysis!G9 -> 1 | H42: =Analysis!H9 -> Krishna Verma | I42: =Analysis!I9 -> 88.666667
G43: =Analysis!G10 -> 2 | H43: =Analysis!H10 -> Ved Das | I43: =Analysis!I10 -> 84.666667
G44: =Analysis!G11 -> 3 | H44: =Analysis!H11 -> Aditi Das | I44: =Analysis!I11 -> 84.333333
G45: =Analysis!G12 -> 4 | H45: =Analysis!H12 -> Riya Gupta | I45: =Analysis!I12 -> 83
G46: =Analysis!G13 -> 5 | H46: =Analysis!H13 -> Shreya Verma | I46: =Analysis!I13 -> 81.666667
G47: =Analysis!G14 -> 6 | H47: =Analysis!H14 -> Ritika Singh | I47: =Analysis!I14 -> 79.333333
G48: =Analysis!G15 -> 7 | H48: =Analysis!H15 -> Ira Saha | I48: =Analysis!I15 -> 78.333333
G49: =Analysis!G16 -> 8 | H49: =Analysis!H16 -> Sanya Saha | I49: =Analysis!I16 -> 76
G50: =Analysis!G17 -> 9 | H50: =Analysis!H17 -> Aarav Sharma | I50: =Analysis!I17 -> 75.666667
G51: =Analysis!G18 -> 10 | H51: =Analysis!H18 -> Aarav Sharma | I51: =Analysis!I18 -> 75.666667
A57: Built with Excel formulas, tables, conditional formatting and dashboard charts
